link,title
/FileAtt.ashx?lang=1&id=22263,109年4月(下).xls
/FileAtt.ashx?lang=1&id=21961,109年3月(下).xls
/FileAtt.ashx?lang=1&id=21730,109年2月(下).xls
/FileAtt.ashx?lang=1&id=21394,109年1月(下).xls
/FileAtt.ashx?lang=1&id=21035,108年12月(下).xls
/FileAtt.ashx?lang=1&id=20742,108年11月(下).xls
/FileAtt.ashx?lang=1&id=20423,108年10月(下).xls
/FileAtt.ashx?lang=1&id=20143,108年9月(下).xls
/FileAtt.ashx?lang=1&id=19814,108年8月(下).xls
/FileAtt.ashx?lang=1&id=19681,108年7月(下).xls
/FileAtt.ashx?lang=1&id=19399,108年6月(下).xls
/FileAtt.ashx?lang=1&id=19171,108年5月(下).xls
/FileAtt.ashx?lang=1&id=17983,108年4月(下).xls
/FileAtt.ashx?lang=1&id=17717,108年3月(下).xls
/FileAtt.ashx?lang=1&id=17529,108年2月(下).xls
/FileAtt.ashx?lang=1&id=17041,108年1月(下).xls
/FileAtt.ashx?lang=1&id=16592,107年12月(下).xls
/FileAtt.ashx?lang=1&id=16587,107年11月(下) .xls
/FileAtt.ashx?lang=1&id=14139,107年10月(下).xls
/FileAtt.ashx?lang=1&id=14134,107年9月(下).xls
/FileAtt.ashx?lang=1&id=14127,107年8月(下).xls
/FileAtt.ashx?lang=1&id=8995,107年7月(下).xls
/FileAtt.ashx?lang=1&id=8990,107年6月(下).xls
/FileAtt.ashx?lang=1&id=8985,107年5月(下).xls
/FileAtt.ashx?lang=1&id=8980,107年4月(下).xls
/FileAtt.ashx?lang=1&id=8975,107年3月(下).xls
/FileAtt.ashx?lang=1&id=8970,107年2月(下).xls
/FileAtt.ashx?lang=1&id=8965,107年1月(下).xls
/FileAtt.ashx?lang=1&id=8960,106年12月(下).xls
/FileAtt.ashx?lang=1&id=8955,106年11月(下).xls
/FileAtt.ashx?lang=1&id=14681,106年10月(下).xls
/FileAtt.ashx?lang=1&id=8945,106年9月(下).xls
/FileAtt.ashx?lang=1&id=8940,106年8月(下).xls
/FileAtt.ashx?lang=1&id=8935,106年7月(下).xls
/FileAtt.ashx?lang=1&id=8930,106年6月(下).xls
/FileAtt.ashx?lang=1&id=8925,106年5月(下).xls
/FileAtt.ashx?lang=1&id=8920,106年4月(下).xls
/FileAtt.ashx?lang=1&id=8915,106年3月(下).xls
/FileAtt.ashx?lang=1&id=8910,106年2月(下).xls
/FileAtt.ashx?lang=1&id=8905,106年1月(下).xls
/FileAtt.ashx?lang=1&id=8900,105年12月(下).xls
/FileAtt.ashx?lang=1&id=8895,105年11月(下).xls
/FileAtt.ashx?lang=1&id=8890,105年10月(下).xls
/FileAtt.ashx?lang=1&id=8885,105年9月(下).xls
/FileAtt.ashx?lang=1&id=8880,105年8月(下).xls
/FileAtt.ashx?lang=1&id=8875,105年7月(下).xls
/FileAtt.ashx?lang=1&id=14677,105年6月(下).xls
/FileAtt.ashx?lang=1&id=8865,105年5月(下).xls
/FileAtt.ashx?lang=1&id=8860,105年4月(下).xls
/FileAtt.ashx?lang=1&id=8855,105年3月(下).xls
/FileAtt.ashx?lang=1&id=8850,105年2月(下).xls
/FileAtt.ashx?lang=1&id=8845,105年1月(下).xls
/FileAtt.ashx?lang=1&id=8840,104年12月(下).xls
/FileAtt.ashx?lang=1&id=8835,104年11月(下).xls
/FileAtt.ashx?lang=1&id=8830,104年10月(下).xls
/FileAtt.ashx?lang=1&id=8825,104年9月(下).xls
/FileAtt.ashx?lang=1&id=8820,104年8月(下).xls
/FileAtt.ashx?lang=1&id=8815,104年7月(下).xls
/FileAtt.ashx?lang=1&id=8810,104年6月(下).xls
/FileAtt.ashx?lang=1&id=8805,104年5月(下).xls
/FileAtt.ashx?lang=1&id=8800,104年4月(下).xls
/FileAtt.ashx?lang=1&id=8795,104年3月(下).xls
/FileAtt.ashx?lang=1&id=8790,104年2月(下).xls
/FileAtt.ashx?lang=1&id=8785,104年1月(下).xls
/FileAtt.ashx?lang=1&id=8780,103年12月(下).xls
/FileAtt.ashx?lang=1&id=8775,103年11月(下).xls
/FileAtt.ashx?lang=1&id=8770,103年10月(下).xls
/FileAtt.ashx?lang=1&id=8765,103年9月(下).xls
/FileAtt.ashx?lang=1&id=8760,103年8月(下).xls
/FileAtt.ashx?lang=1&id=8755,103年7月(下).xls
/FileAtt.ashx?lang=1&id=8750,103年6月(下).xls
/FileAtt.ashx?lang=1&id=8745,103年5月(下).xls
/FileAtt.ashx?lang=1&id=8740,103年4月(下).xls
/FileAtt.ashx?lang=1&id=8735,103年3月(下).xls
/FileAtt.ashx?lang=1&id=8730,103年2月(下).xls
/FileAtt.ashx?lang=1&id=8725,103年1月(下).xls
/FileAtt.ashx?lang=1&id=8720,102年12月(下).xls
/FileAtt.ashx?lang=1&id=8715,102年11月(下).xls
/FileAtt.ashx?lang=1&id=8710,102年10月(下).xls
/FileAtt.ashx?lang=1&id=8705,102年9月(下).xls
/FileAtt.ashx?lang=1&id=8700,102年8月(下).xls
/FileAtt.ashx?lang=1&id=8695,102年7月(下).xls
/FileAtt.ashx?lang=1&id=8690,102年6月(下).xls
/FileAtt.ashx?lang=1&id=8685,102年5月(下).xls
/FileAtt.ashx?lang=1&id=8680,102年4月(下).xls
/FileAtt.ashx?lang=1&id=8675,102年3月(下).xls
/FileAtt.ashx?lang=1&id=8670,102年2月(下).xls
/FileAtt.ashx?lang=1&id=8665,102年1月(下).xls
/FileAtt.ashx?lang=1&id=8660,101年12月(下).xls
/FileAtt.ashx?lang=1&id=8655,101年11月(下).xls
/FileAtt.ashx?lang=1&id=8650,101年10月(下).xls
/FileAtt.ashx?lang=1&id=8645,101年9月(下).xls
/FileAtt.ashx?lang=1&id=8640,101年8月(下).xls
/FileAtt.ashx?lang=1&id=8635,101年7月(下).xls
/FileAtt.ashx?lang=1&id=8630,101年6月(下).xls
/FileAtt.ashx?lang=1&id=8625,101年5月(下).xls
/FileAtt.ashx?lang=1&id=8620,101年4月(下).xls
/FileAtt.ashx?lang=1&id=8615,101年3月(下).xls
/FileAtt.ashx?lang=1&id=8610,101年2月(下).xls
/FileAtt.ashx?lang=1&id=8605,101年1月(下).xls
/FileAtt.ashx?lang=1&id=8600,100年12月(下).xls
/FileAtt.ashx?lang=1&id=8595,100年11月(下).xls
/FileAtt.ashx?lang=1&id=8590,100年10月(下).xls
/FileAtt.ashx?lang=1&id=8585,100年9月(下).xls
/FileAtt.ashx?lang=1&id=8580,100年8月(下).xls
/FileAtt.ashx?lang=1&id=8575,100年7月(下).xls
/FileAtt.ashx?lang=1&id=8570,100年6月(下).xls
/FileAtt.ashx?lang=1&id=8565,100年5月(下).xls
/FileAtt.ashx?lang=1&id=8560,100年4月(下).xls
/FileAtt.ashx?lang=1&id=8555,100年3月(下).xls
/FileAtt.ashx?lang=1&id=8550,100年2月(下).xls
/FileAtt.ashx?lang=1&id=8546,100年1月(下).xls
/FileAtt.ashx?lang=1&id=8540,99年12月(下).xls
/FileAtt.ashx?lang=1&id=8534,99年11月(下).xls
